# SQL JOIN

‚Äª Ïã§Ïäµ Ïã§Ìñâ ÌôòÍ≤Ω : MySQL 8.0 Command Line Client

<br/>

## ÏÇ¨Ïö©Ìï† ÌÖåÏù¥Î∏î

### üìå topic ÌÖåÏù¥Î∏î

```mysql
CREATE TABLE `topic` (
  `tid` int NOT NULL,
  `title` varchar(100) DEFAULT NULL,
  `description` text,
  `author_id` varchar(100) DEFAULT NULL,
  PRIMARY KEY (`tid`)
) ENGINE=InnoDB DEFAULT CHARSET=utf8mb4;

INSERT INTO `topic`
VALUES  (1,'Saul Goodman','Better Call Saul','1'),
        (2,'White','Say my name','2'),
        (3,'Jimmy','Call Saul','1'),
        (4,'Kim','Wexler is ...',NULL);
```

```mysql
mysql> SELECT * FROM topic;
+-----+--------------+------------------+-----------+
| tid | title        | description      | author_id |
+-----+--------------+------------------+-----------+
|   1 | Saul Goodman | Better Call Saul | 1         |
|   2 | White        | Say my name      | 2         |
|   3 | Jimmy        | Call Saul        | 1         |
|   4 | Kim          | Wexler is ...    | NULL      |
+-----+--------------+------------------+-----------+
4 rows in set (0.00 sec)
```

### üìå author ÌÖåÏù¥Î∏î

```mysql
CREATE TABLE `author` (
  `aid` int NOT NULL,
  `name` varchar(100) DEFAULT NULL,
  `city` varchar(100) DEFAULT NULL,
  `profile_id` int DEFAULT NULL,
  PRIMARY KEY (`aid`)
) ENGINE=InnoDB DEFAULT CHARSET=utf8mb4;

INSERT INTO `author`
VALUES  (1,'Saul','Cicero',1),
        (2,'Walter','Albuquerque',2),
        (3,'Gustavo','Chile',3);
```

```mysql
mysql> SELECT * FROM author;
+-----+---------+-------------+------------+
| aid | name    | city        | profile_id |
+-----+---------+-------------+------------+
|   1 | Saul    | Cicero      |          1 |
|   2 | Walter  | Albuquerque |          2 |
|   3 | Gustavo | Chile       |          3 |
+-----+---------+-------------+------------+
3 rows in set (0.00 sec)
```

### üìå profile ÌÖåÏù¥Î∏î

```mysql
CREATE TABLE `profile` (
  `pid` int NOT NULL,
  `title` varchar(100) DEFAULT NULL,
  `description` text,
  PRIMARY KEY (`pid`)
) ENGINE=InnoDB DEFAULT CHARSET=utf8mb4;

INSERT INTO `profile`
VALUES  (1,'attorney','attorney is ...'),
        (2,'drug lord','drug lord is ..'),
        (3,'drug kingpin','drug kingpin is ...');
```

```mysql
mysql> SELECT * FROM profile;
+-----+--------------+---------------------+
| pid | title        | description         |
+-----+--------------+---------------------+
|   1 | attorney     | attorney is ...     |
|   2 | drug lord    | drug lord is ..     |
|   3 | drug kingpin | drug kingpin is ... |
+-----+--------------+---------------------+
3 rows in set (0.00 sec)
```

## SQL JOIN Ï¢ÖÎ•ò Î≥Ñ Í∑∏Î¶º Ï†ïÎ¶¨

![sql_join](https://user-images.githubusercontent.com/27791880/175295060-a1ed759d-0980-4241-a79b-feea30f96696.png)

Ï∂úÏ≤ò : [dataschool.com](https://dataschool.com/how-to-teach-people-sql/sql-join-types-explained-visually/)


## 1. INNER JOIN

table AÏôÄ table B Î™®Îëê Ï°¥Ïû¨ÌïòÎäî Ï†ïÎ≥¥ÎßåÏúºÎ°ú ÏÉàÎ°úÏö¥ ÌÖåÏù¥Î∏îÏùÑ ÏÉùÏÑ±

![ÍµêÏßëÌï©_xsmall](https://user-images.githubusercontent.com/27791880/175244781-3814c83b-d573-48cc-a018-86b7acfd3467.png)

```mysql
SELECT * FROM tableA A
INNER JOIN tableB B ON A.key = B.key
```

* ÏñëÏ™Ω Î™®ÎëêÏóê Ï°¥Ïû¨ÌïòÎäî Î†àÏΩîÎìúÎßåÏùÑ Í∞ÄÏßÄÍ≥† ÌëúÎ•º ÏÉùÏÑ±ÌïúÎã§.

* NULLÌñâÏù¥ Ï°¥Ïû¨ÌïòÏßÄ ÏïäÎäîÎã§.

* ÌëúÏ§Ä SQLÍ≥º Îã¨Î¶¨ MySQLÏóêÏÑúÎäî JOIN, INNER JOIN, CROSS JOIN Î™®Îëê Í∞ôÏùÄ ÏùòÎØ∏Î°ú ÏÇ¨Ïö©ÎêúÎã§.

### üîπtopic ÌÖåÏù¥Î∏îÍ≥º author ÌÖåÏù¥Î∏îÏùÑ INNER JOIN

```mysql
mysql> SELECT * FROM topic
    -> INNER JOIN author ON topic.author_id = author.aid;
+-----+--------------+------------------+-----------+-----+--------+-------------+------------+
| tid | title        | description      | author_id | aid | name   | city        | profile_id |
+-----+--------------+------------------+-----------+-----+--------+-------------+------------+
|   1 | Saul Goodman | Better Call Saul | 1         |   1 | Saul   | Cicero      |          1 |
|   2 | White        | Say my name      | 2         |   2 | Walter | Albuquerque |          2 |
|   3 | Jimmy        | Call Saul        | 1         |   1 | Saul   | Cicero      |          1 |
+-----+--------------+------------------+-----------+-----+--------+-------------+------------+
3 rows in set (0.01 sec)
```

`INNER JOIN`ÏùÄ ÌëúÏ§Ä SQLÎ∞©ÏãùÍ≥ºÎäî Î≥ÑÎèÑÎ°ú MySQLÏóêÏÑúÎßå ÏÇ¨Ïö© Í∞ÄÎä•Ìïú Î∞©ÏãùÏù¥ Îî∞Î°ú Ï°¥Ïû¨ÌïúÎã§. Î¨∏Î≤ïÏùÄ Ï°∞Í∏à Îã§Î•º Ïàò ÏûàÏñ¥ÎèÑ Í≤∞Í≥ºÎäî ÎèôÏùºÌïòÎã§.

```mysql
mysql> SELECT * FROM topic, author
    -> WHERE topic.author_id = author.aid;
+-----+--------------+------------------+-----------+-----+--------+-------------+------------+
| tid | title        | description      | author_id | aid | name   | city        | profile_id |
+-----+--------------+------------------+-----------+-----+--------+-------------+------------+
|   1 | Saul Goodman | Better Call Saul | 1         |   1 | Saul   | Cicero      |          1 |
|   2 | White        | Say my name      | 2         |   2 | Walter | Albuquerque |          2 |
|   3 | Jimmy        | Call Saul        | 1         |   1 | Saul   | Cicero      |          1 |
+-----+--------------+------------------+-----------+-----+--------+-------------+------------+
3 rows in set (0.00 sec)
```

## 2. LEFT (OUTER) JOIN

table AÏóê Ï°¥Ïû¨ÌïòÎäî Ï†ïÎ≥¥ÏôÄ table AÏôÄ B Î™®ÎëêÏóê Ï°¥Ïû¨ÌïòÎäî Ï†ïÎ≥¥ÍπåÏßÄ Ìè¨Ìï®ÌïúÎã§.

![LEFTJOIN_xsmall](https://user-images.githubusercontent.com/27791880/175247205-dd9d2efb-b84a-4276-83da-7bef3992467e.png)

```mysql
SELECT * FROM tableA A
LEFT JOIN tableB B ON A.key = B.key
```

### üîπtopic ÌÖåÏù¥Î∏îÍ≥º author ÌÖåÏù¥Î∏îÏùÑ LEFT JOIN

---

* `LEFT JOIN`ÏùÄ Ï≤´ Î≤àÏß∏ ÌÖåÏù¥Î∏îÏùÑ Í∏∞Ï§ÄÏúºÎ°ú, Îëê Î≤àÏß∏ ÌÖåÏù¥Î∏îÏùÑ Ï°∞Ìï©ÌïòÎäî JOINÏù¥Îã§.

* `ON`Ï†àÏùò Ï°∞Í±¥ÏùÑ ÎßåÏ°±ÌïòÏßÄ ÏïäÏùÑ Í≤ΩÏö∞Ïóê, Ï≤´ ÌÖåÏù¥Î∏îÏùò ÌïÑÎìú Í∞íÏùÄ Í∑∏ÎåÄÎ°ú Í∞ÄÏ†∏Ïò§ÏßÄÎßå, Ìï¥Îãπ Î†àÏΩîÎìúÏùò Îëê Î≤àÏß∏ ÌÖåÏù¥Î∏îÏùò ÌïÑÎìú Í∞íÏùÄ Î™®Îëê NULLÎ°ú ÌëúÏãúÎêúÎã§.

* `ON`Ï†àÏóêÏÑúÎäî `WHERE`Ï†àÏóêÏÑú ÏÇ¨Ïö© Í∞ÄÎä•Ìïú Î™®Îì† Ï°∞Í±¥ÏùÑ ÏÇ¨Ïö© Í∞ÄÎä•.

```mysql
mysql> SELECT * FROM topic
    -> LEFT JOIN author ON topic.author_id = author.aid;
+-----+--------------+------------------+-----------+------+--------+-------------+------------+
| tid | title        | description      | author_id | aid  | name   | city        | profile_id |
+-----+--------------+------------------+-----------+------+--------+-------------+------------+
|   1 | Saul Goodman | Better Call Saul | 1         |    1 | Saul   | Cicero      |          1 |
|   2 | White        | Say my name      | 2         |    2 | Walter | Albuquerque |          2 |
|   3 | Jimmy        | Call Saul        | 1         |    1 | Saul   | Cicero      |          1 |
|   4 | Kim          | Wexler is ...    | NULL      | NULL | NULL   | NULL        |       NULL |
+-----+--------------+------------------+-----------+------+--------+-------------+------------+
4 rows in set (0.00 sec)
```

`topic` ÌÖåÏù¥Î∏îÏóêÏÑú titleÏù¥ KimÏù∏ rowÏùò author_idÎäî NULLÏù¥ÏóàÍ≥†, `author`ÌÖåÏù¥Î∏îÏùò aidÏóêÎäî NULLÏù¥ ÏóÜÍ∏∞ ÎïåÎ¨∏Ïóê ONÏ†àÏùò Ï°∞Í±¥Ïù¥ ÎßåÏ°±ÌïòÏßÄ ÏïäÎäîÎã§.

Îî∞ÎùºÏÑú, `title = Kim`Ïóê Ìï¥ÎãπÌïòÎäî topic ÌÖåÏù¥Î∏î Î†àÏΩîÎìúÏùò Îëê Î≤àÏß∏ ÌÖåÏù¥Î∏îÏùò ÌïÑÎìú Í∞íÏùÄ Î™®Îëê NULLÎ°ú ÌëúÏãúÎêúÎã§.

### üîπtopic ÌÖåÏù¥Î∏îÍ≥º author ÌÖåÏù¥Î∏îÏùÑ LEFT JOINÌïú Í≤∞Í≥ºÏóê profile ÌÖåÏù¥Î∏îÏùÑ LEFT JOIN

---

Í∏∞Ï°¥Ïóê LEFT JOINÌïú Í≤∞Í≥ºÏóê Ïù¥Ïñ¥ÏÑú `LEFT JOIN`ÏùÑ Ï∂îÍ∞ÄÏ†ÅÏúºÎ°ú Ïã§ÌñâÌïòÎäî Í≤ÉÎèÑ Í∞ÄÎä•ÌïòÎã§.

```mysql
mysql> SELECT * FROM topic
    -> LEFT JOIN author ON topic.author_id = author.aid
    -> LEFT JOIN profile ON author.profile_id = profile.pid;
+-----+--------------+------------------+-----------+------+--------+-------------+------------+------+-----------+-----------------+
| tid | title        | description      | author_id | aid  | name   | city        | profile_id | pid  | title     | description     |
+-----+--------------+------------------+-----------+------+--------+-------------+------------+------+-----------+-----------------+
|   1 | Saul Goodman | Better Call Saul | 1         |    1 | Saul   | Cicero      |          1 |    1 | attorney  | attorney is ... |
|   2 | White        | Say my name      | 2         |    2 | Walter | Albuquerque |          2 |    2 | drug lord | drug lord is .. |
|   3 | Jimmy        | Call Saul        | 1         |    1 | Saul   | Cicero      |          1 |    1 | attorney  | attorney is ... |
|   4 | Kim          | Wexler is ...    | NULL      | NULL | NULL   | NULL        |       NULL | NULL | NULL      | NULL            |
+-----+--------------+------------------+-----------+------+--------+-------------+------------+------+-----------+-----------------+
4 rows in set (0.00 sec)
```

`LEFT JOIN`ÏúºÎ°ú 3Í∞úÏùò tableÏùÑ Ïó∞Í≤∞Ìïú Îí§ Ï§ëÎ≥µÎêòÎäî ÏπºÎüºÏùÑ ÏÇ≠Ï†úÌïòÎ©¥ Í∞ÄÎèÖÏÑ±ÏùÑ ÎÜíÏùº Ïàò ÏûàÎã§.

```mysql
mysql> SELECT tid, topic.title, topic.description,
    ->        aid, name, city,
    ->        pid, profile.title, profile.description
    -> FROM topic
    -> LEFT JOIN author ON topic.author_id = author.aid
    -> LEFT JOIN profile ON author.profile_id = profile.pid;
+-----+--------------+------------------+------+--------+-------------+------+-----------+-----------------+
| tid | title        | description      | aid  | name   | city        | pid  | title     | description     |
+-----+--------------+------------------+------+--------+-------------+------+-----------+-----------------+
|   1 | Saul Goodman | Better Call Saul |    1 | Saul   | Cicero      |    1 | attorney  | attorney is ... |
|   2 | White        | Say my name      |    2 | Walter | Albuquerque |    2 | drug lord | drug lord is .. |
|   3 | Jimmy        | Call Saul        |    1 | Saul   | Cicero      |    1 | attorney  | attorney is ... |
|   4 | Kim          | Wexler is ...    | NULL | NULL   | NULL        | NULL | NULL      | NULL            |
+-----+--------------+------------------+------+--------+-------------+------+-----------+-----------------+
4 rows in set (0.00 sec)
```

`WHERE`Ï†àÏùÑ ÏÇ¨Ïö©Ìï¥ÏÑú ÌäπÏ†ï Î†àÏΩîÎìúÎßå Ï∂îÏ∂úÌïòÎäî Í≤ÉÎèÑ Í∞ÄÎä•ÌïòÎã§. `tid = 1`Ïù∏ Î†àÏΩîÎìúÎ•º Ï∂îÏ∂úÌïúÎã§.

```mysql
mysql> SELECT tid, topic.title, topic.description,
    ->          aid, name, city,
    ->          pid, profile.title, profile.description
    -> FROM topic
    -> LEFT JOIN author ON topic.author_id = author.aid
    -> LEFT JOIN profile ON author.profile_id = profile.pid
    -> WHERE tid = 1;
+-----+--------------+------------------+------+------+--------+------+----------+-----------------+
| tid | title        | description      | aid  | name | city   | pid  | title    | description     |
+-----+--------------+------------------+------+------+--------+------+----------+-----------------+
|   1 | Saul Goodman | Better Call Saul |    1 | Saul | Cicero |    1 | attorney | attorney is ... |
+-----+--------------+------------------+------+------+--------+------+----------+-----------------+
1 row in set (0.00 sec)
```

## 3. RIGHT (OUTER) JOIN

table BÏóê Ï°¥Ïû¨ÌïòÎäî Ï†ïÎ≥¥ÏôÄ table AÏôÄ B Î™®ÎëêÏóê Ï°¥Ïû¨ÌïòÎäî Ï†ïÎ≥¥ÍπåÏßÄ Ìè¨Ìï®ÌïúÎã§.

![RIGHTJOIN_xsmall](https://user-images.githubusercontent.com/27791880/175248158-cec47e23-df0f-494e-9cc5-6068ddf4af47.png)

```mysql
SELECT * FROM tableA A
RIGHT JOIN tableB B ON A.key = B.key
```

* `RIGHT JOIN`ÏùÄ `LEFT JOIN`Í≥º Í∏∞Îä•Ï†ÅÏúºÎ°ú Í±∞Ïùò ÎèôÏùºÌïòÏßÄÎßå, `LEFT JOIN`Í≥ºÎäî Îã¨Î¶¨ Îëê Î≤àÏß∏ ÌÖåÏù¥Î∏îÏùÑ Í∏∞Ï§ÄÏúºÎ°ú Ï≤´ Î≤àÏß∏ ÌÖåÏù¥Î∏îÏùÑ JOINÌïúÎã§.

* `ON`Ï†àÏùÑ ÎßåÏ°±ÌïòÏßÄ ÏïäÏùÑ Í≤ΩÏö∞ Îëê Î≤àÏß∏ ÌÖåÏù¥Î∏îÏùò ÌïÑÎìú Í∞íÏùÄ Î™®Îëê Í∑∏ÎåÄÎ°ú Í∞ÄÏ†∏Ïò§ÏßÄÎßå, Ìï¥Îãπ Î†àÏΩîÎìúÏùò Ï≤´ Î≤àÏß∏ ÌÖåÏù¥Î∏îÏùò ÌïÑÎìú Í∞íÏùÄ Î™®Îëê NULLÎ°ú ÌëúÏãúÎêúÎã§.

## 4. FULL OUTER JOIN

table AÏôÄ table BÏùò Î™®Îì† ÎÇ¥Ïö©ÏùÑ Ìè¨Ìï®ÌïòÍ≥† ÏûàÎã§.

![FULLOUTERJOIN_xsmall](https://user-images.githubusercontent.com/27791880/175249095-a835c860-0c17-4dc9-829f-9ee26743364b.png)

```mysql
SELECT * FROM tableA A
FULL OUTER JOIN tableB B ON A.key = B.key
```

* Ìï©ÏßëÌï©Í≥º Í∞ôÏùÄ Ïó≠Ìï†ÏùÑ ÏàòÌñâ(`LEFT JOIN`Í≥º `RIGHT JOIN`ÏùÑ Ìï©Ìïú Í≤∞Í≥º)ÌïúÎã§.

* Ï§ëÎ≥µÎêòÎäî ÌñâÏùÄ Ï†úÍ±∞ÎêúÎã§.

* ÎßéÏùÄ Îç∞Ïù¥ÌÑ∞Î≤†Ïù¥Ïä§ ÏãúÏä§ÌÖúÏóêÏÑú `FULL OUTER JOIN`ÏùÄ ÏßÄÏõêÎêòÏßÄ ÏïäÎäîÎã§.

  ```mysql
  mysql> SELECT * FROM topic
      -> FULL OUTER JOIN author ON topic.author_id = author.aid;
  ERROR 1064 (42000): You have an error in your SQL syntax; check the manual that corresponds to your MySQL server version for the right syntax to use near 'OUTER JOIN author ON topic.author_id = author.aid' at line 2
  ```
  MySQLÏóêÏÑúÎäî Î¨∏Î≤ï Ïò§Î•òÍ∞Ä Î∞úÏÉùÌïòÎäî Í≤ÉÏùÑ ÌôïÏù∏Ìï† Ïàò ÏûàÎã§.

* `FULL OUTER JOIN`Ïùò Í∏∞Îä•ÏùÄ `UNION`ÏùÑ ÌÜµÌï¥ÏÑú ÎèôÏùºÌïú Í≤∞Í≥ºÎ•º ÏñªÏùÑ Ïàò ÏûàÎã§.

### üí°UNION

---

* Ïó¨Îü¨ Í∞úÏùò SELECT Î¨∏Ïùò Í≤∞Í≥ºÎ•º ÌïòÎÇòÏùò ÌÖåÏù¥Î∏îÏù¥ÎÇò Í≤∞Í≥º ÏßëÌï©ÏúºÎ°ú ÌëúÌòÑÌï† Îïå ÏÇ¨Ïö©

* Í∞ÅÍ∞ÅÏùò SELECT Î¨∏ÏúºÎ°ú ÏÑ†ÌÉùÎêú ÌïÑÎìúÏùò Í∞úÏàòÏôÄ ÌÉÄÏûÖÏùÄ Î™®Îëê Í∞ôÏïÑÏïº ÌïòÎ©∞, ÌïÑÎìúÏùò ÏàúÏÑú ÎòêÌïú Í∞ôÏïÑÏïº ÌïúÎã§.

* Îëê Í∞úÏùò SELECT Î¨∏Ïùò Í≤∞Í≥ºÏóêÏÑú Ï§ëÎ≥µÎêú Î†àÏΩîÎìúÎäî Ìïú Î≤àÎßå ÌëúÏãúÎêúÎã§. Ï¶â, `UNION DISTINCT`ÏôÄ Í∞ôÏù¥ `DISTINCT`Î•º Íµ≥Ïù¥ Î™ÖÏãúÌï† ÌïÑÏöîÍ∞Ä ÏóÜÎã§.

* ÎßåÏïΩ Ï§ëÎ≥µÎêú Î†àÏΩîÎìúÍπåÏßÄ Î™®Îëê Ï∂úÎ†•ÌïòÍ≥† Ïã∂Îã§Î©¥ `UNION ALL`ÏùÑ ÏÇ¨Ïö©ÌïòÎ©¥ ÎêúÎã§.

`UNION`Îßå ÏÇ¨Ïö©Ìïú Í≤ΩÏö∞
```mysql
mysql> (SELECT * FROM topic
    -> LEFT JOIN author ON topic.author_id = author.aid)
    -> UNION
    -> (SELECT * FROM topic
    -> RIGHT JOIN author ON topic.author_id = author.aid);
+------+--------------+------------------+-----------+------+---------+-------------+------------+
| tid  | title        | description      | author_id | aid  | name    | city        | profile_id |
+------+--------------+------------------+-----------+------+---------+-------------+------------+
|    1 | Saul Goodman | Better Call Saul | 1         |    1 | Saul    | Cicero      |          1 |
|    2 | White        | Say my name      | 2         |    2 | Walter  | Albuquerque |          2 |
|    3 | Jimmy        | Call Saul        | 1         |    1 | Saul    | Cicero      |          1 |
|    4 | Kim          | Wexler is ...    | NULL      | NULL | NULL    | NULL        |       NULL |
| NULL | NULL         | NULL             | NULL      |    3 | Gustavo | Chile       |          3 |
+------+--------------+------------------+-----------+------+---------+-------------+------------+
5 rows in set (0.00 sec)
```

`UNION ALL`ÏùÑ ÏÇ¨Ïö©Ìïú Í≤ΩÏö∞
```mysql
mysql> (SELECT * FROM topic
    -> LEFT JOIN author ON topic.author_id = author.aid)
    -> UNION ALL
    -> (SELECT * FROM topic
    -> RIGHT JOIN author ON topic.author_id = author.aid);
+------+--------------+------------------+-----------+------+---------+-------------+------------+
| tid  | title        | description      | author_id | aid  | name    | city        | profile_id |
+------+--------------+------------------+-----------+------+---------+-------------+------------+
|    1 | Saul Goodman | Better Call Saul | 1         |    1 | Saul    | Cicero      |          1 |
|    2 | White        | Say my name      | 2         |    2 | Walter  | Albuquerque |          2 |
|    3 | Jimmy        | Call Saul        | 1         |    1 | Saul    | Cicero      |          1 |
|    4 | Kim          | Wexler is ...    | NULL      | NULL | NULL    | NULL        |       NULL |
|    3 | Jimmy        | Call Saul        | 1         |    1 | Saul    | Cicero      |          1 |
|    1 | Saul Goodman | Better Call Saul | 1         |    1 | Saul    | Cicero      |          1 |
|    2 | White        | Say my name      | 2         |    2 | Walter  | Albuquerque |          2 |
| NULL | NULL         | NULL             | NULL      |    3 | Gustavo | Chile       |          3 |
+------+--------------+------------------+-----------+------+---------+-------------+------------+
8 rows in set (0.00 sec)
```

## 5. EXCLUSIVE LEFT JOIN

![exclusiveJoin_xsmall](https://user-images.githubusercontent.com/27791880/175503441-c1084f04-ff9c-43c8-89e5-aaaf0d837b7d.png)

topic ÌÖåÏù¥Î∏îÍ≥º author ÌÖåÏù¥Î∏îÏùÑ `EXCLUSIVE LEFT JOIN` (`WHERE`Ï†àÏù¥ ÌïµÏã¨)

```mysql
mysql> SELECT * FROM topic
    -> LEFT JOIN author
    -> ON topic.author_id = author.aid
    -> WHERE author.aid is NULL;
+-----+-------+---------------+-----------+------+------+------+------------+
| tid | title | description   | author_id | aid  | name | city | profile_id |
+-----+-------+---------------+-----------+------+------+------+------------+
|   4 | Kim   | Wexler is ... | NULL      | NULL | NULL | NULL |       NULL |
+-----+-------+---------------+-----------+------+------+------+------------+
1 row in set (0.00 sec)
```

<br/>

### Ref.

* [ÏÉùÌôúÏΩîÎî© SQL JOIN](https://opentutorials.org/module/4118)

* [TCP SCHOOL MySQL](http://www.tcpschool.com/mysql/intro)