# SQL JOIN

â€» ì‹¤ìŠµ ì‹¤í–‰ í™˜ê²½ : MySQL 8.0 Command Line Client

<br/>

## ì‚¬ìš©í•  í…Œì´ë¸”

### ğŸ“Œ topic í…Œì´ë¸”

```mysql
CREATE TABLE `topic` (
  `tid` int NOT NULL,
  `title` varchar(100) DEFAULT NULL,
  `description` text,
  `author_id` varchar(100) DEFAULT NULL,
  PRIMARY KEY (`tid`)
) ENGINE=InnoDB DEFAULT CHARSET=utf8mb4;

INSERT INTO `topic`
VALUES  (1,'Saul Goodman','Better Call Saul','1'),
        (2,'White','Say my name','2'),
        (3,'Jimmy','Call Saul','1'),
        (4,'Kim','Wexler is ...',NULL);
```

```mysql
mysql> SELECT * FROM topic;
+-----+--------------+------------------+-----------+
| tid | title        | description      | author_id |
+-----+--------------+------------------+-----------+
|   1 | Saul Goodman | Better Call Saul | 1         |
|   2 | White        | Say my name      | 2         |
|   3 | Jimmy        | Call Saul        | 1         |
|   4 | Kim          | Wexler is ...    | NULL      |
+-----+--------------+------------------+-----------+
4 rows in set (0.00 sec)
```

### ğŸ“Œ author í…Œì´ë¸”

```mysql
CREATE TABLE `author` (
  `aid` int NOT NULL,
  `name` varchar(100) DEFAULT NULL,
  `city` varchar(100) DEFAULT NULL,
  `profile_id` int DEFAULT NULL,
  PRIMARY KEY (`aid`)
) ENGINE=InnoDB DEFAULT CHARSET=utf8mb4;

INSERT INTO `author`
VALUES  (1,'Saul','Cicero',1),
        (2,'Walter','Albuquerque',2),
        (3,'Gustavo','Chile',3);
```

```mysql
mysql> SELECT * FROM author;
+-----+---------+-------------+------------+
| aid | name    | city        | profile_id |
+-----+---------+-------------+------------+
|   1 | Saul    | Cicero      |          1 |
|   2 | Walter  | Albuquerque |          2 |
|   3 | Gustavo | Chile       |          3 |
+-----+---------+-------------+------------+
3 rows in set (0.00 sec)
```

### ğŸ“Œ profile í…Œì´ë¸”

```mysql
CREATE TABLE `profile` (
  `pid` int NOT NULL,
  `title` varchar(100) DEFAULT NULL,
  `description` text,
  PRIMARY KEY (`pid`)
) ENGINE=InnoDB DEFAULT CHARSET=utf8mb4;

INSERT INTO `profile`
VALUES  (1,'attorney','attorney is ...'),
        (2,'drug lord','drug lord is ..'),
        (3,'drug kingpin','drug kingpin is ...');
```

```mysql
mysql> SELECT * FROM profile;
+-----+--------------+---------------------+
| pid | title        | description         |
+-----+--------------+---------------------+
|   1 | attorney     | attorney is ...     |
|   2 | drug lord    | drug lord is ..     |
|   3 | drug kingpin | drug kingpin is ... |
+-----+--------------+---------------------+
3 rows in set (0.00 sec)
```

## SQL JOIN ì¢…ë¥˜ ë³„ ê·¸ë¦¼ ì •ë¦¬

![sql_join](https://user-images.githubusercontent.com/27791880/175295060-a1ed759d-0980-4241-a79b-feea30f96696.png)

ì¶œì²˜ : [dataschool.com](https://dataschool.com/how-to-teach-people-sql/sql-join-types-explained-visually/)


## 1. INNER JOIN

table Aì™€ table B ëª¨ë‘ ì¡´ì¬í•˜ëŠ” ì •ë³´ë§Œìœ¼ë¡œ ìƒˆë¡œìš´ í…Œì´ë¸”ì„ ìƒì„±

![êµì§‘í•©_xsmall](https://user-images.githubusercontent.com/27791880/175244781-3814c83b-d573-48cc-a018-86b7acfd3467.png)

```mysql
SELECT * FROM tableA A
INNER JOIN tableB B ON A.key = B.key
```

## 2. LEFT (OUTER) JOIN

table Aì— ì¡´ì¬í•˜ëŠ” ì •ë³´ì™€ table Aì™€ B ëª¨ë‘ì— ì¡´ì¬í•˜ëŠ” ì •ë³´ê¹Œì§€ í¬í•¨í•œë‹¤.

![LEFTJOIN_xsmall](https://user-images.githubusercontent.com/27791880/175247205-dd9d2efb-b84a-4276-83da-7bef3992467e.png)

```mysql
SELECT * FROM tableA A
LEFT JOIN tableB B ON A.key = B.key
```

### ğŸ”¹topic í…Œì´ë¸”ê³¼ author í…Œì´ë¸”ì„ LEFT JOIN

---

* `LEFT JOIN`ì€ ì²« ë²ˆì§¸ í…Œì´ë¸”ì„ ê¸°ì¤€ìœ¼ë¡œ, ë‘ ë²ˆì§¸ í…Œì´ë¸”ì„ ì¡°í•©í•˜ëŠ” JOINì´ë‹¤.

* `ON`ì ˆì˜ ì¡°ê±´ì„ ë§Œì¡±í•˜ì§€ ì•Šì„ ê²½ìš°ì—, ì²« í…Œì´ë¸”ì˜ í•„ë“œ ê°’ì€ ê·¸ëŒ€ë¡œ ê°€ì ¸ì˜¤ì§€ë§Œ, í•´ë‹¹ ë ˆì½”ë“œì˜ ë‘ ë²ˆì§¸ í…Œì´ë¸”ì˜ í•„ë“œ ê°’ì€ ëª¨ë‘ NULLë¡œ í‘œì‹œëœë‹¤.

* `ON`ì ˆì—ì„œëŠ” `WHERE`ì ˆì—ì„œ ì‚¬ìš© ê°€ëŠ¥í•œ ëª¨ë“  ì¡°ê±´ì„ ì‚¬ìš© ê°€ëŠ¥.

```mysql
mysql> SELECT * FROM topic
    -> LEFT JOIN author ON topic.author_id = author.aid;
+-----+--------------+------------------+-----------+------+--------+-------------+------------+
| tid | title        | description      | author_id | aid  | name   | city        | profile_id |
+-----+--------------+------------------+-----------+------+--------+-------------+------------+
|   1 | Saul Goodman | Better Call Saul | 1         |    1 | Saul   | Cicero      |          1 |
|   2 | White        | Say my name      | 2         |    2 | Walter | Albuquerque |          2 |
|   3 | Jimmy        | Call Saul        | 1         |    1 | Saul   | Cicero      |          1 |
|   4 | Kim          | Wexler is ...    | NULL      | NULL | NULL   | NULL        |       NULL |
+-----+--------------+------------------+-----------+------+--------+-------------+------------+
4 rows in set (0.00 sec)
```

`topic` í…Œì´ë¸”ì—ì„œ titleì´ Kimì¸ rowì˜ author_idëŠ” NULLì´ì—ˆê³ , `author`í…Œì´ë¸”ì˜ aidì—ëŠ” NULLì´ ì—†ê¸° ë•Œë¬¸ì— ONì ˆì˜ ì¡°ê±´ì´ ë§Œì¡±í•˜ì§€ ì•ŠëŠ”ë‹¤.

ë”°ë¼ì„œ, `title = Kim`ì— í•´ë‹¹í•˜ëŠ” topic í…Œì´ë¸” ë ˆì½”ë“œì˜ ë‘ ë²ˆì§¸ í…Œì´ë¸”ì˜ í•„ë“œ ê°’ì€ ëª¨ë‘ NULLë¡œ í‘œì‹œëœë‹¤.

### ğŸ”¹topic í…Œì´ë¸”ê³¼ author í…Œì´ë¸”ì„ LEFT JOINí•œ ê²°ê³¼ì— profile í…Œì´ë¸”ì„ LEFT JOIN

---

ê¸°ì¡´ì— LEFT JOINí•œ ê²°ê³¼ì— ì´ì–´ì„œ `LEFT JOIN`ì„ ì¶”ê°€ì ìœ¼ë¡œ ì‹¤í–‰í•˜ëŠ” ê²ƒë„ ê°€ëŠ¥í•˜ë‹¤.

```mysql
mysql> SELECT * FROM topic
    -> LEFT JOIN author ON topic.author_id = author.aid
    -> LEFT JOIN profile ON author.profile_id = profile.pid;
+-----+--------------+------------------+-----------+------+--------+-------------+------------+------+-----------+-----------------+
| tid | title        | description      | author_id | aid  | name   | city        | profile_id | pid  | title     | description     |
+-----+--------------+------------------+-----------+------+--------+-------------+------------+------+-----------+-----------------+
|   1 | Saul Goodman | Better Call Saul | 1         |    1 | Saul   | Cicero      |          1 |    1 | attorney  | attorney is ... |
|   2 | White        | Say my name      | 2         |    2 | Walter | Albuquerque |          2 |    2 | drug lord | drug lord is .. |
|   3 | Jimmy        | Call Saul        | 1         |    1 | Saul   | Cicero      |          1 |    1 | attorney  | attorney is ... |
|   4 | Kim          | Wexler is ...    | NULL      | NULL | NULL   | NULL        |       NULL | NULL | NULL      | NULL            |
+-----+--------------+------------------+-----------+------+--------+-------------+------------+------+-----------+-----------------+
4 rows in set (0.00 sec)
```

`LEFT JOIN`ìœ¼ë¡œ 3ê°œì˜ tableì„ ì—°ê²°í•œ ë’¤ ì¤‘ë³µë˜ëŠ” ì¹¼ëŸ¼ì„ ì‚­ì œí•˜ë©´ ê°€ë…ì„±ì„ ë†’ì¼ ìˆ˜ ìˆë‹¤.

```mysql
mysql> SELECT tid, topic.title, topic.description,
    ->        aid, name, city,
    ->        pid, profile.title, profile.description
    -> FROM topic
    -> LEFT JOIN author ON topic.author_id = author.aid
    -> LEFT JOIN profile ON author.profile_id = profile.pid;
+-----+--------------+------------------+------+--------+-------------+------+-----------+-----------------+
| tid | title        | description      | aid  | name   | city        | pid  | title     | description     |
+-----+--------------+------------------+------+--------+-------------+------+-----------+-----------------+
|   1 | Saul Goodman | Better Call Saul |    1 | Saul   | Cicero      |    1 | attorney  | attorney is ... |
|   2 | White        | Say my name      |    2 | Walter | Albuquerque |    2 | drug lord | drug lord is .. |
|   3 | Jimmy        | Call Saul        |    1 | Saul   | Cicero      |    1 | attorney  | attorney is ... |
|   4 | Kim          | Wexler is ...    | NULL | NULL   | NULL        | NULL | NULL      | NULL            |
+-----+--------------+------------------+------+--------+-------------+------+-----------+-----------------+
4 rows in set (0.00 sec)
```

`WHERE`ì ˆì„ ì‚¬ìš©í•´ì„œ íŠ¹ì • ë ˆì½”ë“œë§Œ ì¶”ì¶œí•˜ëŠ” ê²ƒë„ ê°€ëŠ¥í•˜ë‹¤. `tid = 1`ì¸ ë ˆì½”ë“œë¥¼ ì¶”ì¶œí•œë‹¤.

```mysql
mysql> SELECT tid, topic.title, topic.description,
    ->          aid, name, city,
    ->          pid, profile.title, profile.description
    -> FROM topic
    -> LEFT JOIN author ON topic.author_id = author.aid
    -> LEFT JOIN profile ON author.profile_id = profile.pid
    -> WHERE tid = 1;
+-----+--------------+------------------+------+------+--------+------+----------+-----------------+
| tid | title        | description      | aid  | name | city   | pid  | title    | description     |
+-----+--------------+------------------+------+------+--------+------+----------+-----------------+
|   1 | Saul Goodman | Better Call Saul |    1 | Saul | Cicero |    1 | attorney | attorney is ... |
+-----+--------------+------------------+------+------+--------+------+----------+-----------------+
1 row in set (0.00 sec)
```

## 3. RIGHT (OUTER) JOIN

table Bì— ì¡´ì¬í•˜ëŠ” ì •ë³´ì™€ table Aì™€ B ëª¨ë‘ì— ì¡´ì¬í•˜ëŠ” ì •ë³´ê¹Œì§€ í¬í•¨í•œë‹¤.

![RIGHTJOIN_xsmall](https://user-images.githubusercontent.com/27791880/175248158-cec47e23-df0f-494e-9cc5-6068ddf4af47.png)

```mysql
SELECT * FROM tableA A
RIGHT JOIN tableB B ON A.key = B.key
```

* `RIGHT JOIN`ì€ `LEFT JOIN`ê³¼ ê¸°ëŠ¥ì ìœ¼ë¡œ ê±°ì˜ ë™ì¼í•˜ì§€ë§Œ, `LEFT JOIN`ê³¼ëŠ” ë‹¬ë¦¬ ë‘ ë²ˆì§¸ í…Œì´ë¸”ì„ ê¸°ì¤€ìœ¼ë¡œ ì²« ë²ˆì§¸ í…Œì´ë¸”ì„ JOINí•œë‹¤.

* `ON`ì ˆì„ ë§Œì¡±í•˜ì§€ ì•Šì„ ê²½ìš° ë‘ ë²ˆì§¸ í…Œì´ë¸”ì˜ í•„ë“œ ê°’ì€ ëª¨ë‘ ê·¸ëŒ€ë¡œ ê°€ì ¸ì˜¤ì§€ë§Œ, í•´ë‹¹ ë ˆì½”ë“œì˜ ì²« ë²ˆì§¸ í…Œì´ë¸”ì˜ í•„ë“œ ê°’ì€ ëª¨ë‘ NULLë¡œ í‘œì‹œëœë‹¤.

## 4. FULL OUTER JOIN

table Aì™€ table Bì˜ ëª¨ë“  ë‚´ìš©ì„ í¬í•¨í•˜ê³  ìˆë‹¤.

![FULLOUTERJOIN_xsmall](https://user-images.githubusercontent.com/27791880/175249095-a835c860-0c17-4dc9-829f-9ee26743364b.png)

```mysql
SELECT * FROM tableA A
FULL OUTER JOIN tableB B ON A.key = B.key
```

<br/>

### Ref.

* [TCP SCHOOL MySQL](http://www.tcpschool.com/mysql/intro)